Dirección,Ciudad,Provincia
Viamonte 430,Buenos Aires,Ciudad de Buenos Aires
Maipú 262,Buenos Aires,Ciudad de Buenos Aires
Av. Tomás Espora 4320,Burzaco,Buenos Aires
Av. San Martín 2002,Florencio Varela,Buenos Aires
España 350 esq. Colón,Avellaneda,Buenos Aires
Esquiú 612,Catamarca,Catamarca
9 de Julio 22,Chilecito,La Rioja
Haya de la Torre s/nPabellón Argentina,Córdoba,Córdoba
Centro Universitario,Mendoza,Mendoza
Eva Perón 24,Concepción del Uruguay,Entre Ríos
Av. Gutnisky 3200,Formosa,Formosa
Av. 25 de Mayo y Francia,San Martín,Buenos Aires
Juan M. Gutiérrez 1150,Los Polvorines,Buenos Aires
Teniente Manuel Origone 151,Villa Tesei,Buenos Aires
Leandro N. Alem 4731,José C. Paz,Buenos Aires
Av. Bolivia 1239,San Salvador de Jujuy,Jujuy
Florencio Varela 1903,San Justo,Buenos Aires
Coronel Gil 353,Santa Rosa,La Pampa
Lisandro de la Torre 1070,Río Gallegos,Santa Cruz
Ciudad Universitaria,Comodoro Rivadavia,Chubut
Av. 7 N° 776,La Plata,Buenos Aires
Av. Dr. René Favaloro S/N,La Rioja,La Rioja
Azcuénaga 1129,Buenos Aires,Ciudad de Buenos Aires
29 de septiembre de 3901,Remedios de Escalada,Buenos Aires
"Ruta Prov. 4, km 2",Lomas de Zamora,Buenos Aires
Poeta Agüero 380,Villa de Merlo,San Luis
Ruta 5 y Av. Constitución,Luján,Buenos Aires
Diagonal J.B. Alberdi 2695,Mar del Plata,Buenos Aires
"Ruta Nac. 12, km. 7,5",Posadas,Misiones
Av. Bartolomé Mitre 1891,Moreno,Buenos Aires
Roque Sáenz Peña 352,Quilmes,Buenos Aires
Bv. Roca 989,Rafaela,Santa Fe
"Ruta Nac. 36, km. 601",Río Cuarto,Córdoba
Colón 450,Viedma,Río Negro
Córdoba 181,Rosario,Santa Fe
Av. Bolivia 5150,Salta,Salta
Mitre 396 E,San Juan,San Juan
Ejército de los Andes 950,San Luis,San Luis
Av. Güiraldes 689,San Antonio de Areco,Buenos Aires
Av. Belgrano 1912,Santiago del Estero,Santiago del Estero
Fuegia Basket 251,Ushuaia,Tierra del Fuego
Mosconi 2736,Saenz Peña,Buenos Aires
Ayacucho 491,San Miguel de Tucumán,Tucumán
Entre Ríos 1425,Villa María,Córdoba
Las Heras 383,Villa Mercedes,San Luis
,San Vicente,Misiones
Gral. Pinto 399,Tandil,Buenos Aires
Cte. Fernández 755,Roque Sáenz Peña,Chaco
Buenos Aires 1400,Neuquén,Neuquén
Bv. Pellegrini 2750,Santa Fe,Santa Fe
25 de Mayo 868,Corrientes,Corrientes
Sáenz Peña 456,Junín,Buenos Aires
Belgrano 369,San Antonio de Padua,Buenos Aires
Av. Alem 1253,Bahía Blanca,Buenos Aires
,San Isidro,Buenos Aires
Sarmiento 440,Buenos Aires,Ciudad de Buenos Aires
